date,word
2021-06-19,cigar
2021-06-20,rebut
2021-06-21,sissy
2021-06-22,humph
2021-06-23,awake
2021-06-24,blush
2021-06-25,focal
2021-06-26,evade
2021-06-27,naval
2021-06-28,serve
2021-06-29,heath
2021-06-30,dwarf
2021-07-01,model
2021-07-02,karma
2021-07-03,stink
2021-07-04,grade
2021-07-05,quiet
2021-07-06,bench
2021-07-07,abate
2021-07-08,feign
2021-07-09,major
2021-07-10,death
2021-07-11,fresh
2021-07-12,crust
2021-07-13,stool
2021-07-14,colon
2021-07-15,abase
2021-07-16,marry
2021-07-17,react
2021-07-18,batty
2021-07-19,pride
2021-07-20,floss
2021-07-21,helix
2021-07-22,croak
2021-07-23,staff
2021-07-24,paper
2021-07-25,unfed
2021-07-26,whelp
2021-07-27,trawl
2021-07-28,outdo
2021-07-29,adobe
2021-07-30,crazy
2021-07-31,sower
2021-08-01,repay
2021-08-02,digit
2021-08-03,crate
2021-08-04,cluck
2021-08-05,spike
2021-08-06,mimic
2021-08-07,pound
2021-08-08,maxim
2021-08-09,linen
2021-08-10,unmet
2021-08-11,flesh
2021-08-12,booby
2021-08-13,forth
2021-08-14,first
2021-08-15,stand
2021-08-16,belly
2021-08-17,ivory
2021-08-18,seedy
2021-08-19,print
2021-08-20,yearn
2021-08-21,drain
2021-08-22,bribe
2021-08-23,stout
2021-08-24,panel
2021-08-25,crass
2021-08-26,flume
2021-08-27,offal
2021-08-28,agree
2021-08-29,error
2021-08-30,swirl
2021-08-31,argue
2021-09-01,bleed
2021-09-02,delta
2021-09-03,flick
2021-09-04,totem
2021-09-05,wooer
2021-09-06,front
2021-09-07,shrub
2021-09-08,parry
2021-09-09,biome
2021-09-10,lapel
2021-09-11,start
2021-09-12,greet
2021-09-13,goner
2021-09-14,golem
2021-09-15,lusty
2021-09-16,loopy
2021-09-17,round
2021-09-18,audit
2021-09-19,lying
2021-09-20,gamma
2021-09-21,labor
2021-09-22,islet
2021-09-23,civic
2021-09-24,forge
2021-09-25,corny
2021-09-26,moult
2021-09-27,basic
2021-09-28,salad
2021-09-29,agate
2021-09-30,spicy
2021-10-01,spray
2021-10-02,essay
2021-10-03,fjord
2021-10-04,spend
2021-10-05,kebab
2021-10-06,guild
2021-10-07,aback
2021-10-08,motor
2021-10-09,alone
2021-10-10,hatch
2021-10-11,hyper
2021-10-12,thumb
2021-10-13,dowry
2021-10-14,ought
2021-10-15,belch
2021-10-16,dutch
2021-10-17,pilot
2021-10-18,tweed
2021-10-19,comet
2021-10-20,jaunt
2021-10-21,enema
2021-10-22,steed
2021-10-23,abyss
2021-10-24,growl
2021-10-25,fling
2021-10-26,dozen
2021-10-27,boozy
2021-10-28,erode
2021-10-29,world
2021-10-30,gouge
2021-10-31,click
2021-11-01,briar
2021-11-02,great
2021-11-03,altar
2021-11-04,pulpy
2021-11-05,blurt
2021-11-06,coast
2021-11-07,duchy
2021-11-08,groin
2021-11-09,fixer
2021-11-10,group
2021-11-11,rogue
2021-11-12,badly
2021-11-13,smart
2021-11-14,pithy
2021-11-15,gaudy
2021-11-16,chill
2021-11-17,heron
2021-11-18,vodka
2021-11-19,finer
2021-11-20,surer
2021-11-21,radio
2021-11-22,rouge
2021-11-23,perch
2021-11-24,retch
2021-11-25,wrote
2021-11-26,clock
2021-11-27,tilde
2021-11-28,store
2021-11-29,prove
2021-11-30,bring
2021-12-01,solve
2021-12-02,cheat
2021-12-03,grime
2021-12-04,exult
2021-12-05,usher
2021-12-06,epoch
2021-12-07,triad
2021-12-08,break
2021-12-09,rhino
2021-12-10,viral
2021-12-11,conic
2021-12-12,masse
2021-12-13,sonic
2021-12-14,vital
2021-12-15,trace
2021-12-16,using
2021-12-17,peach
2021-12-18,champ
2021-12-19,baton
2021-12-20,brake
2021-12-21,pluck
2021-12-22,craze
2021-12-23,gripe
2021-12-24,weary
2021-12-25,picky
2021-12-26,acute
2021-12-27,ferry
2021-12-28,aside
2021-12-29,tapir
2021-12-30,troll
2021-12-31,unify
2022-01-01,rebus
2022-01-02,boost
2022-01-03,truss
2022-01-04,siege
2022-01-05,tiger
2022-01-06,banal
2022-01-07,slump
2022-01-08,crank
2022-01-09,gorge
2022-01-10,query
2022-01-11,drink
2022-01-12,favor
2022-01-13,abbey
2022-01-14,tangy
2022-01-15,panic
2022-01-16,solar
2022-01-17,shire
2022-01-18,proxy
2022-01-19,point
2022-01-20,robot
2022-01-21,prick
2022-01-22,wince
2022-01-23,crimp
2022-01-24,knoll
2022-01-25,sugar
2022-01-26,whack
2022-01-27,mount
2022-01-28,perky
2022-01-29,could
2022-01-30,wrung
2022-01-31,light
2022-02-01,those
2022-02-02,moist
2022-02-03,shard
2022-02-04,pleat
2022-02-05,aloft
2022-02-06,skill
2022-02-07,elder
2022-02-08,frame
2022-02-09,humor
2022-02-10,pause
2022-02-11,ulcer
2022-02-12,ultra
2022-02-13,robin
